Distance_(pixels),Gray_Value
0,0.000577
1,0.000808
2,0.001131
3,0.024568
4,0.114921
5,0.040639
6,0.001824
7,0.000739
8,0.000531
